{"stats":{"minecraft:crafted":{"minecraft:wooden_sword":1,"minecraft:oak_planks":12,"minecraft:crafting_table":2,"minecraft:stick":8,"minecraft:wooden_pickaxe":1,"minecraft:stone_pickaxe":1,"minecraft:birch_planks":8,"minecraft:stone_axe":1},"minecraft:custom":{"minecraft:time_since_rest":96,"minecraft:sprint_one_cm":47072,"minecraft:damage_taken":4725,"minecraft:walk_one_cm":69731,"minecraft:mob_kills":3,"minecraft:damage_dealt":754,"minecraft:swim_one_cm":1245,"minecraft:interact_with_crafting_table":4,"minecraft:fly_one_cm":75108,"minecraft:player_kills":1,"minecraft:play_time":16139,"minecraft:deaths":13,"minecraft:sneak_time":46,"minecraft:walk_under_water_one_cm":2067,"minecraft:jump":305,"minecraft:leave_game":1,"minecraft:walk_on_water_one_cm":323,"minecraft:time_since_death":63,"minecraft:total_world_time":16139,"minecraft:fall_one_cm":18368},"minecraft:mined":{"minecraft:birch_log":4,"minecraft:lilac":11,"minecraft:birch_leaves":1,"minecraft:peony":3,"minecraft:short_grass":25,"minecraft:grass_block":8,"minecraft:oak_log":3,"minecraft:dirt":10,"minecraft:tall_grass":4,"minecraft:stone":9,"minecraft:oak_leaves":2},"minecraft:picked_up":{"minecraft:birch_log":4,"minecraft:lilac":8,"minecraft:leather":2,"minecraft:oak_log":3,"minecraft:dirt":16,"minecraft:wheat_seeds":1,"minecraft:peony":3,"minecraft:iron_ingot":3,"minecraft:beef":2,"minecraft:cobblestone":9},"minecraft:killed_by":{"minecraft:iron_golem":3,"minecraft:warden":6,"minecraft:player":2},"minecraft:killed":{"minecraft:cow":2},"minecraft:used":{"minecraft:stone_pickaxe":6,"minecraft:wooden_pickaxe":3,"minecraft:stone_axe":4,"minecraft:wooden_sword":8,"minecraft:dirt":16,"minecraft:cobblestone":2,"minecraft:crafting_table":2}},"DataVersion":3955}