{"stats":{"minecraft:dropped":{"minecraft:rotten_flesh":2,"minecraft:leather":1,"minecraft:wheat_seeds":3},"minecraft:killed_by":{"minecraft:spider":2},"minecraft:mined":{"minecraft:short_grass":23,"minecraft:grass_block":39,"minecraft:dirt":2,"minecraft:tall_grass":10,"minecraft:azure_bluet":1},"minecraft:custom":{"minecraft:time_since_rest":11650,"minecraft:damage_taken":797,"minecraft:crouch_one_cm":100,"minecraft:play_time":16242,"minecraft:sprint_one_cm":12625,"minecraft:walk_one_cm":31166,"minecraft:deaths":3,"minecraft:sneak_time":564,"minecraft:mob_kills":2,"minecraft:drop":6,"minecraft:jump":160,"minecraft:damage_dealt":378,"minecraft:leave_game":6,"minecraft:walk_on_water_one_cm":699,"minecraft:time_since_death":11600,"minecraft:total_world_time":16242,"minecraft:fall_one_cm":5532,"minecraft:fly_one_cm":266873},"minecraft:picked_up":{"minecraft:azure_bluet":1,"minecraft:rotten_flesh":2,"minecraft:leather":1,"minecraft:wheat_seeds":8,"minecraft:netherite_shovel":2,"minecraft:dirt":74},"minecraft:killed":{"minecraft:horse":1,"minecraft:zombie":1},"minecraft:used":{"minecraft:netherite_shovel":43,"minecraft:dirt":74,"minecraft:grass_block":214}},"DataVersion":3955}