{"stats":{"minecraft:used":{"minecraft:warden_spawn_egg":1,"minecraft:guardian_spawn_egg":12,"minecraft:iron_golem_spawn_egg":10},"minecraft:picked_up":{"minecraft:sculk_catalyst":1,"minecraft:wheat_seeds":1,"minecraft:iron_ingot":24,"minecraft:poppy":8},"minecraft:killed":{"minecraft:iron_golem":1},"minecraft:custom":{"minecraft:time_since_rest":84180,"minecraft:deaths":1,"minecraft:sprint_one_cm":15584,"minecraft:play_time":87670,"minecraft:damage_taken":248,"minecraft:walk_one_cm":19915,"minecraft:sneak_time":42,"minecraft:walk_under_water_one_cm":1501,"minecraft:mob_kills":1,"minecraft:jump":156,"minecraft:damage_dealt":380,"minecraft:leave_game":3,"minecraft:walk_on_water_one_cm":18,"minecraft:time_since_death":84061,"minecraft:total_world_time":87670,"minecraft:fall_one_cm":418,"minecraft:fly_one_cm":520871,"minecraft:player_kills":2},"minecraft:killed_by":{"minecraft:player":1}},"DataVersion":3955}