{"stats":{"minecraft:custom":{"minecraft:jump":64,"minecraft:time_since_rest":80099,"minecraft:damage_dealt":87,"minecraft:leave_game":1,"minecraft:sprint_one_cm":2173,"minecraft:play_time":80099,"minecraft:damage_taken":80,"minecraft:time_since_death":80099,"minecraft:walk_one_cm":7290,"minecraft:sneak_time":74,"minecraft:total_world_time":80099,"minecraft:mob_kills":1,"minecraft:drop":1,"minecraft:fly_one_cm":1428895},"minecraft:picked_up":{"minecraft:leather":1,"minecraft:wheat_seeds":1},"minecraft:dropped":{"minecraft:netherite_shovel":1}},"DataVersion":3955}