{
  "minecraft:recipes/decorations/crafting_table": {
    "criteria": {
      "unlock_right_away": "2024-08-14 13:38:46 +0000"
    },
    "done": true
  },
  "minecraft:adventure/adventuring_time": {
    "criteria": {
      "minecraft:frozen_river": "2024-08-14 13:50:33 +0000",
      "minecraft:forest": "2024-08-14 13:58:18 +0000",
      "minecraft:taiga": "2024-08-14 14:10:02 +0000",
      "minecraft:river": "2024-08-14 13:41:29 +0000",
      "minecraft:snowy_plains": "2024-08-14 13:50:31 +0000",
      "minecraft:windswept_gravelly_hills": "2024-08-14 14:02:27 +0000",
      "minecraft:windswept_hills": "2024-08-14 14:06:50 +0000",
      "minecraft:snowy_taiga": "2024-08-14 14:02:36 +0000",
      "minecraft:plains": "2024-08-14 13:38:47 +0000"
    },
    "done": false
  },
  "minecraft:adventure/root": {
    "criteria": {
      "killed_something": "2024-08-14 13:46:20 +0000"
    },
    "done": true
  },
  "minecraft:adventure/kill_all_mobs": {
    "criteria": {
      "minecraft:zombie": "2024-08-14 13:46:20 +0000"
    },
    "done": false
  },
  "minecraft:adventure/kill_a_mob": {
    "criteria": {
      "minecraft:zombie": "2024-08-14 13:46:20 +0000"
    },
    "done": true
  },
  "minecraft:recipes/combat/leather_helmet": {
    "criteria": {
      "has_leather": "2024-08-14 13:46:48 +0000"
    },
    "done": true
  },
  "minecraft:recipes/combat/leather_leggings": {
    "criteria": {
      "has_leather": "2024-08-14 13:46:48 +0000"
    },
    "done": true
  },
  "minecraft:recipes/decorations/item_frame": {
    "criteria": {
      "has_leather": "2024-08-14 13:46:48 +0000"
    },
    "done": true
  },
  "minecraft:recipes/combat/leather_chestplate": {
    "criteria": {
      "has_leather": "2024-08-14 13:46:48 +0000"
    },
    "done": true
  },
  "minecraft:recipes/combat/leather_boots": {
    "criteria": {
      "has_leather": "2024-08-14 13:46:48 +0000"
    },
    "done": true
  },
  "minecraft:recipes/misc/leather_horse_armor": {
    "criteria": {
      "has_leather": "2024-08-14 13:46:48 +0000"
    },
    "done": true
  },
  "DataVersion": 3955
}